Workbook

Sheet Responden
A1: KUESIONER UAT - TABULASI RESPONDEN
A2: Sistem Absensi QR/Barcode - SD Inpres Tamamaung IV - Isi skor 1-5 di kolom K1 s.d. K24
A3: No | B3: Nama Responden | C3: Peran | D3: Tanggal | E3: K1 | F3: K2 | G3: K3 | H3: K4 | I3: K5 | J3: K6 | K3: K7 | L3: K8 | M3: K9 | N3: K10 | O3: K11 | P3: K12 | Q3: K13 | R3: K14 | S3: K15 | T3: K16 | U3: K17 | V3: K18 | W3: K19 | X3: K20 | Y3: K21 | Z3: K22 | AA3: K23 | AB3: K24 | AC3: Total | AD3: Rata-Rata | AE3: Kategori
A4: 1 | AC4: =SUM(E4:AB4) | AD4: =IF(COUNT(E4:AB4)=0,"",ROUND(AVERAGE(E4:AB4),2)) | AE4: =IF(AD4="","",IF(AD4>=3.41,"Baik",IF(AD4>=2.61,"Cukup",IF(AD4>=1.81,"Kurang","Sangat Kurang"))))
A5: 2 | AC5: =SUM(E5:AB5) | AD5: =IF(COUNT(E5:AB5)=0,"",ROUND(AVERAGE(E5:AB5),2)) | AE5: =IF(AD5="","",IF(AD5>=3.41,"Baik",IF(AD5>=2.61,"Cukup",IF(AD5>=1.81,"Kurang","Sangat Kurang"))))
A6: 3 | AC6: =SUM(E6:AB6) | AD6: =IF(COUNT(E6:AB6)=0,"",ROUND(AVERAGE(E6:AB6),2)) | AE6: =IF(AD6="","",IF(AD6>=3.41,"Baik",IF(AD6>=2.61,"Cukup",IF(AD6>=1.81,"Kurang","Sangat Kurang"))))
A7: 4 | AC7: =SUM(E7:AB7) | AD7: =IF(COUNT(E7:AB7)=0,"",ROUND(AVERAGE(E7:AB7),2)) | AE7: =IF(AD7="","",IF(AD7>=3.41,"Baik",IF(AD7>=2.61,"Cukup",IF(AD7>=1.81,"Kurang","Sangat Kurang"))))
A8: 5 | AC8: =SUM(E8:AB8) | AD8: =IF(COUNT(E8:AB8)=0,"",ROUND(AVERAGE(E8:AB8),2)) | AE8: =IF(AD8="","",IF(AD8>=3.41,"Baik",IF(AD8>=2.61,"Cukup",IF(AD8>=1.81,"Kurang","Sangat Kurang"))))
A9: 6 | AC9: =SUM(E9:AB9) | AD9: =IF(COUNT(E9:AB9)=0,"",ROUND(AVERAGE(E9:AB9),2)) | AE9: =IF(AD9="","",IF(AD9>=3.41,"Baik",IF(AD9>=2.61,"Cukup",IF(AD9>=1.81,"Kurang","Sangat Kurang"))))
A10: 7 | AC10: =SUM(E10:AB10) | AD10: =IF(COUNT(E10:AB10)=0,"",ROUND(AVERAGE(E10:AB10),2)) | AE10: =IF(AD10="","",IF(AD10>=3.41,"Baik",IF(AD10>=2.61,"Cukup",IF(AD10>=1.81,"Kurang","Sangat Kurang"))))
A11: 8 | AC11: =SUM(E11:AB11) | AD11: =IF(COUNT(E11:AB11)=0,"",ROUND(AVERAGE(E11:AB11),2)) | AE11: =IF(AD11="","",IF(AD11>=3.41,"Baik",IF(AD11>=2.61,"Cukup",IF(AD11>=1.81,"Kurang","Sangat Kurang"))))
A12: 9 | AC12: =SUM(E12:AB12) | AD12: =IF(COUNT(E12:AB12)=0,"",ROUND(AVERAGE(E12:AB12),2)) | AE12: =IF(AD12="","",IF(AD12>=3.41,"Baik",IF(AD12>=2.61,"Cukup",IF(AD12>=1.81,"Kurang","Sangat Kurang"))))
A13: 10 | AC13: =SUM(E13:AB13) | AD13: =IF(COUNT(E13:AB13)=0,"",ROUND(AVERAGE(E13:AB13),2)) | AE13: =IF(AD13="","",IF(AD13>=3.41,"Baik",IF(AD13>=2.61,"Cukup",IF(AD13>=1.81,"Kurang","Sangat Kurang"))))
A14: 11 | AC14: =SUM(E14:AB14) | AD14: =IF(COUNT(E14:AB14)=0,"",ROUND(AVERAGE(E14:AB14),2)) | AE14: =IF(AD14="","",IF(AD14>=3.41,"Baik",IF(AD14>=2.61,"Cukup",IF(AD14>=1.81,"Kurang","Sangat Kurang"))))
A15: 12 | AC15: =SUM(E15:AB15) | AD15: =IF(COUNT(E15:AB15)=0,"",ROUND(AVERAGE(E15:AB15),2)) | AE15: =IF(AD15="","",IF(AD15>=3.41,"Baik",IF(AD15>=2.61,"Cukup",IF(AD15>=1.81,"Kurang","Sangat Kurang"))))
... A23: 20 | AC23: =SUM(E23:AB23) | AD23: =IF(COUNT(E23:AB23)=0,"",ROUND(AVERAGE(E23:AB23),2)) | AE23: =IF(AD23="","",IF(AD23>=3.41,"Baik",IF(AD23>=2.61,"Cukup",IF(AD23>=1.81,"Kurang","Sangat Kurang"))))

Sheet Pernyataan
A1: DAFTAR PERNYATAAN KUESIONER & KONVERSI SKOR
A2: No | B2: Aspek | C2: Pernyataan | D2: Referensi Sel
A3: 1 | B3: A | C3: Proses login mudah dan cepat dilakukan. | D3: K1
A4: 2 | B4: A | C4: Pesan saat login gagal (kata sandi salah / akun nonaktif) tampil jelas. | D4: K2
A5: 3 | B5: A | C5: Tombol logout berfungsi dengan baik dan mengakhiri sesi. | D5: K3
A6: 4 | B6: B | C6: Proses scan barcode/QR cepat dan responsif. | D6: K4
A7: 5 | B7: B | C7: Hasil scan (Hadir/Terlambat) tampil dengan jelas di layar. | D7: K5
A8: 6 | B8: B | C8: Pesan saat barcode tidak dikenal mudah dipahami. | D8: K6
A9: 7 | B9: B | C9: Scan berulang pada hari yang sama tidak menimbulkan catatan ganda. | D9: K7
A10: 8 | B10: C | C10: Formulir absensi manual mudah digunakan. | D10: K8
A11: 9 | B11: C | C11: Daftar status (Hadir/Izin/Sakit/Terlambat/Alpa) lengkap. | D11: K9
A12: 10 | B12: C | C12: Data absensi manual tersimpan dengan benar dan sesuai. | D12: K10
A13: 11 | B13: D | C13: Formulir tambah/ubah data siswa mudah diisi. | D13: K11
A14: 12 | B14: D | C14: Validasi data (NIS duplikat, data wajib) berfungsi dengan benar. | D14: K12
... A26: 24 | B26: G | C26: Menu dan navigasi mudah ditemukan. | D26: K24
A29: KONVERSI SKOR
A30: 1 | B30: STS = Sangat Tidak Setuju
A31: 2 | B31: TS = Tidak Setuju
A32: 3 | B32: C = Cukup
A33: 4 | B33: S = Setuju
A34: 5 | B34: SS = Sangat Setuju

Sheet Rekapitulasi Aspek
A1: REKAPITULASI RATA-RATA SKOR PER ASPEK (A - G) x PER RESPONDEN
A2: Aspek | B2: Keterangan | C2: Responden 1 | D2: Responden 2 | E2: Responden 3 | F2: Responden 4 | G2: Responden 5 | H2: Responden 6 | I2: Responden 7 | J2: Responden 8 | K2: Responden 9 | L2: Responden 10 | M2: Responden 11 | N2: Responden 12 | O2: Responden 13 | P2: Responden 14 | Q2: Responden 15 | R2: Responden 16 | S2: Responden 17 | T2: Responden 18 | U2: Responden 19 | V2: Responden 20 | W2: Rata-Rata | X2: Interpretasi
A3: A | B3: Autentikasi | C3: =ROUND(AVERAGE(Responden!E4:G4),2) | D3: =ROUND(AVERAGE(Responden!E5:G5),2) | E3: =ROUND(AVERAGE(Responden!E6:G6),2) | F3: =ROUND(AVERAGE(Responden!E7:G7),2) | G3: =ROUND(AVERAGE(Responden!E8:G8),2) | H3: =ROUND(AVERAGE(Responden!E9:G9),2) | I3: =ROUND(AVERAGE(Responden!E10:G10),2) | J3: =ROUND(AVERAGE(Responden!E11:G11),2) | K3: =ROUND(AVERAGE(Responden!E12:G12),2) | L3: =ROUND(AVERAGE(Responden!E13:G13),2) | M3: =ROUND(AVERAGE(Responden!E14:G14),2) | N3: =ROUND(AVERAGE(Responden!E15:G15),2) | O3: =ROUND(AVERAGE(Responden!E16:G16),2) | P3: =ROUND(AVERAGE(Responden!E17:G17),2) | Q3: =ROUND(AVERAGE(Responden!E18:G18),2) | R3: =ROUND(AVERAGE(Responden!E19:G19),2) | S3: =ROUND(AVERAGE(Responden!E20:G20),2) | T3: =ROUND(AVERAGE(Responden!E21:G21),2) | U3: =ROUND(AVERAGE(Responden!E22:G22),2) | V3: =ROUND(AVERAGE(Responden!E23:G23),2) | W3: =ROUND(AVERAGE(C3:V3),2) | X3: =IF(W3="","",IF(W3>=3.41,"Baik",IF(W3>=2.61,"Cukup",IF(W3>=1.81,"Kurang","Sangat Kurang"))))
A4: B | B4: Scan Absensi | C4: =ROUND(AVERAGE(Responden!H4:K4),2) | D4: =ROUND(AVERAGE(Responden!H5:K5),2) | E4: =ROUND(AVERAGE(Responden!H6:K6),2) | F4: =ROUND(AVERAGE(Responden!H7:K7),2) | G4: =ROUND(AVERAGE(Responden!H8:K8),2) | H4: =ROUND(AVERAGE(Responden!H9:K9),2) | I4: =ROUND(AVERAGE(Responden!H10:K10),2) | J4: =ROUND(AVERAGE(Responden!H11:K11),2) | K4: =ROUND(AVERAGE(Responden!H12:K12),2) | L4: =ROUND(AVERAGE(Responden!H13:K13),2) | M4: =ROUND(AVERAGE(Responden!H14:K14),2) | N4: =ROUND(AVERAGE(Responden!H15:K15),2) | O4: =ROUND(AVERAGE(Responden!H16:K16),2) | P4: =ROUND(AVERAGE(Responden!H17:K17),2) | Q4: =ROUND(AVERAGE(Responden!H18:K18),2) | R4: =ROUND(AVERAGE(Responden!H19:K19),2) | S4: =ROUND(AVERAGE(Responden!H20:K20),2) | T4: =ROUND(AVERAGE(Responden!H21:K21),2) | U4: =ROUND(AVERAGE(Responden!H22:K22),2) | V4: =ROUND(AVERAGE(Responden!H23:K23),2) | W4: =ROUND(AVERAGE(C4:V4),2) | X4: =IF(W4="","",IF(W4>=3.41,"Baik",IF(W4>=2.61,"Cukup",IF(W4>=1.81,"Kurang","Sangat Kurang"))))
A5: C | B5: Absensi Manual | C5: =ROUND(AVERAGE(Responden!L4:N4),2) | D5: =ROUND(AVERAGE(Responden!L5:N5),2) | E5: =ROUND(AVERAGE(Responden!L6:N6),2) | F5: =ROUND(AVERAGE(Responden!L7:N7),2) | G5: =ROUND(AVERAGE(Responden!L8:N8),2) | H5: =ROUND(AVERAGE(Responden!L9:N9),2) | I5: =ROUND(AVERAGE(Responden!L10:N10),2) | J5: =ROUND(AVERAGE(Responden!L11:N11),2) | K5: =ROUND(AVERAGE(Responden!L12:N12),2) | L5: =ROUND(AVERAGE(Responden!L13:N13),2) | M5: =ROUND(AVERAGE(Responden!L14:N14),2) | N5: =ROUND(AVERAGE(Responden!L15:N15),2) | O5: =ROUND(AVERAGE(Responden!L16:N16),2) | P5: =ROUND(AVERAGE(Responden!L17:N17),2) | Q5: =ROUND(AVERAGE(Responden!L18:N18),2) | R5: =ROUND(AVERAGE(Responden!L19:N19),2) | S5: =ROUND(AVERAGE(Responden!L20:N20),2) | T5: =ROUND(AVERAGE(Responden!L21:N21),2) | U5: =ROUND(AVERAGE(Responden!L22:N22),2) | V5: =ROUND(AVERAGE(Responden!L23:N23),2) | W5: =ROUND(AVERAGE(C5:V5),2) | X5: =IF(W5="","",IF(W5>=3.41,"Baik",IF(W5>=2.61,"Cukup",IF(W5>=1.81,"Kurang","Sangat Kurang"))))
A6: D | B6: Data Siswa/Kelas/Pengguna | C6: =ROUND(AVERAGE(Responden!O4:R4),2) | D6: =ROUND(AVERAGE(Responden!O5:R5),2) | E6: =ROUND(AVERAGE(Responden!O6:R6),2) | F6: =ROUND(AVERAGE(Responden!O7:R7),2) | G6: =ROUND(AVERAGE(Responden!O8:R8),2) | H6: =ROUND(AVERAGE(Responden!O9:R9),2) | I6: =ROUND(AVERAGE(Responden!O10:R10),2) | J6: =ROUND(AVERAGE(Responden!O11:R11),2) | K6: =ROUND(AVERAGE(Responden!O12:R12),2) | L6: =ROUND(AVERAGE(Responden!O13:R13),2) | M6: =ROUND(AVERAGE(Responden!O14:R14),2) | N6: =ROUND(AVERAGE(Responden!O15:R15),2) | O6: =ROUND(AVERAGE(Responden!O16:R16),2) | P6: =ROUND(AVERAGE(Responden!O17:R17),2) | Q6: =ROUND(AVERAGE(Responden!O18:R18),2) | R6: =ROUND(AVERAGE(Responden!O19:R19),2) | S6: =ROUND(AVERAGE(Responden!O20:R20),2) | T6: =ROUND(AVERAGE(Responden!O21:R21),2) | U6: =ROUND(AVERAGE(Responden!O22:R22),2) | V6: =ROUND(AVERAGE(Responden!O23:R23),2) | W6: =ROUND(AVERAGE(C6:V6),2) | X6: =IF(W6="","",IF(W6>=3.41,"Baik",IF(W6>=2.61,"Cukup",IF(W6>=1.81,"Kurang","Sangat Kurang"))))
A7: E | B7: Hak Akses dan Keamanan | C7: =ROUND(AVERAGE(Responden!S4:U4),2) | D7: =ROUND(AVERAGE(Responden!S5:U5),2) | E7: =ROUND(AVERAGE(Responden!S6:U6),2) | F7: =ROUND(AVERAGE(Responden!S7:U7),2) | G7: =ROUND(AVERAGE(Responden!S8:U8),2) | H7: =ROUND(AVERAGE(Responden!S9:U9),2) | I7: =ROUND(AVERAGE(Responden!S10:U10),2) | J7: =ROUND(AVERAGE(Responden!S11:U11),2) | K7: =ROUND(AVERAGE(Responden!S12:U12),2) | L7: =ROUND(AVERAGE(Responden!S13:U13),2) | M7: =ROUND(AVERAGE(Responden!S14:U14),2) | N7: =ROUND(AVERAGE(Responden!S15:U15),2) | O7: =ROUND(AVERAGE(Responden!S16:U16),2) | P7: =ROUND(AVERAGE(Responden!S17:U17),2) | Q7: =ROUND(AVERAGE(Responden!S18:U18),2) | R7: =ROUND(AVERAGE(Responden!S19:U19),2) | S7: =ROUND(AVERAGE(Responden!S20:U20),2) | T7: =ROUND(AVERAGE(Responden!S21:U21),2) | U7: =ROUND(AVERAGE(Responden!S22:U22),2) | V7: =ROUND(AVERAGE(Responden!S23:U23),2) | W7: =ROUND(AVERAGE(C7:V7),2) | X7: =IF(W7="","",IF(W7>=3.41,"Baik",IF(W7>=2.61,"Cukup",IF(W7>=1.81,"Kurang","Sangat Kurang"))))
A8: F | B8: Laporan dan Ekspor | C8: =ROUND(AVERAGE(Responden!V4:X4),2) | D8: =ROUND(AVERAGE(Responden!V5:X5),2) | E8: =ROUND(AVERAGE(Responden!V6:X6),2) | F8: =ROUND(AVERAGE(Responden!V7:X7),2) | G8: =ROUND(AVERAGE(Responden!V8:X8),2) | H8: =ROUND(AVERAGE(Responden!V9:X9),2) | I8: =ROUND(AVERAGE(Responden!V10:X10),2) | J8: =ROUND(AVERAGE(Responden!V11:X11),2) | K8: =ROUND(AVERAGE(Responden!V12:X12),2) | L8: =ROUND(AVERAGE(Responden!V13:X13),2) | M8: =ROUND(AVERAGE(Responden!V14:X14),2) | N8: =ROUND(AVERAGE(Responden!V15:X15),2) | O8: =ROUND(AVERAGE(Responden!V16:X16),2) | P8: =ROUND(AVERAGE(Responden!V17:X17),2) | Q8: =ROUND(AVERAGE(Responden!V18:X18),2) | R8: =ROUND(AVERAGE(Responden!V19:X19),2) | S8: =ROUND(AVERAGE(Responden!V20:X20),2) | T8: =ROUND(AVERAGE(Responden!V21:X21),2) | U8: =ROUND(AVERAGE(Responden!V22:X22),2) | V8: =ROUND(AVERAGE(Responden!V23:X23),2) | W8: =ROUND(AVERAGE(C8:V8),2) | X8: =IF(W8="","",IF(W8>=3.41,"Baik",IF(W8>=2.61,"Cukup",IF(W8>=1.81,"Kurang","Sangat Kurang"))))
A9: G | B9: Tampilan dan Kinerja | C9: =ROUND(AVERAGE(Responden!Y4:AB4),2) | D9: =ROUND(AVERAGE(Responden!Y5:AB5),2) | E9: =ROUND(AVERAGE(Responden!Y6:AB6),2) | F9: =ROUND(AVERAGE(Responden!Y7:AB7),2) | G9: =ROUND(AVERAGE(Responden!Y8:AB8),2) | H9: =ROUND(AVERAGE(Responden!Y9:AB9),2) | I9: =ROUND(AVERAGE(Responden!Y10:AB10),2) | J9: =ROUND(AVERAGE(Responden!Y11:AB11),2) | K9: =ROUND(AVERAGE(Responden!Y12:AB12),2) | L9: =ROUND(AVERAGE(Responden!Y13:AB13),2) | M9: =ROUND(AVERAGE(Responden!Y14:AB14),2) | N9: =ROUND(AVERAGE(Responden!Y15:AB15),2) | O9: =ROUND(AVERAGE(Responden!Y16:AB16),2) | P9: =ROUND(AVERAGE(Responden!Y17:AB17),2) | Q9: =ROUND(AVERAGE(Responden!Y18:AB18),2) | R9: =ROUND(AVERAGE(Responden!Y19:AB19),2) | S9: =ROUND(AVERAGE(Responden!Y20:AB20),2) | T9: =ROUND(AVERAGE(Responden!Y21:AB21),2) | U9: =ROUND(AVERAGE(Responden!Y22:AB22),2) | V9: =ROUND(AVERAGE(Responden!Y23:AB23),2) | W9: =ROUND(AVERAGE(C9:V9),2) | X9: =IF(W9="","",IF(W9>=3.41,"Baik",IF(W9>=2.61,"Cukup",IF(W9>=1.81,"Kurang","Sangat Kurang"))))
A10: RATA | B10: Rata-rata seluruh aspek | C10: =ROUND(AVERAGE(C4:C9),2) | D10: =ROUND(AVERAGE(D4:D9),2) | E10: =ROUND(AVERAGE(E4:E9),2) | F10: =ROUND(AVERAGE(F4:F9),2) | G10: =ROUND(AVERAGE(G4:G9),2) | H10: =ROUND(AVERAGE(H4:H9),2) | I10: =ROUND(AVERAGE(I4:I9),2) | J10: =ROUND(AVERAGE(J4:J9),2) | ... V10: =ROUND(AVERAGE(V4:V9),2) | W10: =ROUND(AVERAGE(C10:V10),2) | X10: =IF(W10="","",IF(W10>=3.41,"Baik",IF(W10>=2.61,"Cukup",IF(W10>=1.81,"Kurang","Sangat Kurang"))))

Sheet Ringkasan & Interpretasi
A1: RINGKASAN HASIL UAT DAN INTERPRETASI SKOR
A3: Jumlah Responden | B3: =COUNTA(Responden!B4:B27)
A4: Responden Admin | B4: =COUNTIF(Responden!C4:C27,"*Admin*")
A5: Responden Guru | B5: =COUNTIF(Responden!C4:C27,"*Guru*")
A6: Responden dan Siswa | B6: =COUNTIF(Responden!C4:C27,"*Siswa*")
A7: Rata-rata keseluruhan | B7: =IFERROR(ROUND(AVERAGE(Responden!AD4:AD27),2),"perlu data")
A10: INTERPRETASI BERDASARKAN RATA-RATA
A11: Rentang Rata-rata | B11: Interpretasi | C11: Rekomendasi
A12: 3.51 - 4.00 | B12: Sangat Baik | C12: Layak go-live tanpa perbaikan berarti
A13: 3.01 - 3.50 | B13: Baik | C13: Layak go-live dengan catatan perbaikan minor
A14: 2.51 - 3.00 | B14: Cukup | C14: Ditinjau; perbaikan mayor sebelum go-live
A15: 1.01 - 2.50 | B15: Kurang | C15: Perlu banyak perbaikan; belum layak prod
A16: 0.00 - 1.00 | B16: Sangat Kurang | C16: Tidak layak; aplikasi perlu ditinjau ulang
